<?xml version="1.0" encoding="utf-8"?>
<?xml-stylesheet href="..\..\XSLT\Overview.xslt" type="text/xsl"?>
<sample>
  <name>Web Application Book</name>
  <contents>
    <content linkto="overview">Overview</content>
    <content linkto="howToRun">How to Run this Demonstration</content>
  </contents>
  <overview>
    <heading>Overview</heading>
    <directory>Samples\Forms\BookDemoWebApplication</directory>
    <description>
      The Web Application Book demonstration is installed under the Samples folder and in the Forms subdirectory.
      See Start menu > All Programs > Micro Focus Visual COBOL > Samples.
      Web Application Book is a COBOL Web Application Project which contains a Web form.
      The form calls an intermediary program, BookWrapper.cbl, which maps .NET data types onto COBOL data types.
      The intermediary program then calls the existing COBOL program, book.cbl, to perform the business logic.
    </description>
    <helpReference>Web Forms</helpReference>
  </overview>
  <howToRun>
    <heading>How to Run the Demonstration</heading>
    <steps>
      <step>
        <description>To run this demonstration in Visual Studio:</description>
        <steps>
          <step>Start Visual Studio.</step>
          <step>Click File > Open > Project/Solution and browse to the \Forms\BookDemoWebApplication subfolder in the Samples.</step>
          <step>Open the .sln file and build the solution.</step>
          <step>Run the application.</step>
          <step>Use catalog numbers 1111 and 2222 to test the application.</step>
        </steps>
      </step>
    </steps>
  </howToRun>
</sample>
