﻿<?xml version="1.0" encoding="utf-8"?>
<?xml-stylesheet href="..\..\XSLT\Overview.xslt" type="text/xsl"?>
<!DOCTYPE document [
  <!ENTITY LegacyBook SYSTEM '../LegacyBook/LegacyBook.xml'>
  <!ENTITY BookData SYSTEM '../../BookData/BookData.xml'>
]>
<sample>
  <name>C# WinBook</name>
  <contents>
    <content linkto="overview">Overview</content>
    <content linkto="howToRun">How to Run this Demonstration</content>
    <content linkto="projectsDescription">Project Description</content>
  </contents>
  <overview>
    <heading>Overview</heading>
    <directory>Samples\Forms\CSharpWinBook</directory>
    <description>
      This demonstration is a C# windows form that interacts with an existing COBOL program. This demonstrates the SmartLinkage functionality, which allows you access COBOL linkage from other managed languages without the need for wrapper classes.
      The legacy project is compiled with the ILSMARTLINKAGE directive and then the C# form is able to access the legacy program data directly.
    </description>
    <helpReference>Windows Forms</helpReference>
  </overview>
  <howToRun>
    <heading>How to Run the Demonstration</heading>
    <steps>
      <step>
        <description>To run this demonstration in Visual Studio:</description>
        <steps>
          <step>Open CSharpWinBook.sln.</step>
          <step>Ensure CSharpWinFormBook is the startup project.</step>  
          <step>Build and run the application.</step>
          <step>Use stock numbers 1111 and 2222 to test the application.</step>
        </steps>
      </step>
    </steps>
  </howToRun>
  <projectsDescription>
    <heading>Project Description</heading>
    <intro>
      The solution, CSharpWinBook.sln, contains two projects: CSharpWinFormBook and LegacyBook.
      CSharpWinFormBook depends on LegacyBook.
      The output build directory is set to ..\bin for each project, so all assemblies and data files are built into CSharpWinBook\bin.
    </intro>
    <projects>
      &LegacyBook;
      <project name="CSharpWinFormBook Project">
        <description>This is the WinForm presentation layer project. The project contains:</description>
        <contents>
          <content name="Form1.cs and Form1.Designer.cs">two partial class files that form the main Book Windows form which contains controls for adding and retrieving information.</content>
          <content name="Program.cs">the triggering program</content>
        </contents>
        <outputPath>..\bin</outputPath>
        <references>
          <reference>System</reference>
          <reference>System.Drawing</reference>
          <reference>System.Windows.Forms</reference>
          <reference>LegacyBook</reference>
        </references>
      </project>
      &BookData;
    </projects>
  </projectsDescription>
</sample>
